{
  "1": {
    "endpoint": "1 - Get all the artists",
    "request": {
      "method": "GET",
      "URL": "/artists",
      "headers": false,
      "body": false
    },
    "response": {
      "headers": {"Content-Type" : "application/json"},
      "statusCode": 200,
      "body": [
        {
            "artistId": 1,
            "name": "Leonardo da Vinci"
        }
      ]
    }
  },
  "2": {
    "endpoint": "2 - Get a specific artist's details based on artistId",
    "request": {
      "method": "GET",
      "URL": "/artists/:artistId",
      "headers": false,
      "body": false
    },
    "response": {
      "headers": {"Content-Type" : "application/json"},
      "statusCode": 200,
      "body": {
        "artistId": 1,
        "name": "Leonardo da Vinci",
        "paintings": [
            {
                "paintingId": 1,
                "name": "Mona Lisa",
                "year": 1503,
                "artistId": 1
            }
        ]
    }
    }
  },
  "3": {
    "endpoint": "3 - Add an artist",
    "request": {
      "method": "POST",
      "URL": "/artists",
      "headers": {"Content-Type" : "application/json"},
      "body": { "name" : true}
    },
    "response": {
      "headers": {"Content-Type" : "application/json"},
      "statusCode": 201,
      "body": {
        "name": "joe",
        "artistId": 3
    }
    }
  },
  "4": {
    "endpoint": "4 - Edit a specified artist by artistId",
    "request": {
      "method": "PUT",
      "URL": "/artists/:artistId",
      "headers": {"Content-Type" : "application/json"},
      "body": { "name" : true}
    },
    "response": {
      "headers": {"Content-Type" : "application/json"},
      "statusCode": 200,
      "body": {
        "artistId": 1,
        "name": "joe"
    }
    }
  },
  "5": {
    "endpoint": "5 - Get all the paintings of a specific artist based on artistId",
    "request": {
      "method": "GET",
      "URL": "/artists/:artistId/paintings",
      "headers": false,
      "body": false
    },
    "response": {
      "headers": {"Content-Type" : "application/json"},
      "statusCode": 200,
      "body": [
        {
            "paintingId": 1,
            "name": "Mona Lisa",
            "year": 1503,
            "artistId": 1
        }
      ]
    }
  },
  "6": {
    "endpoint": "6 - Get all the paintings of a specific year",
    "request": {
      "method": "GET",
      "URL": "/years/:year/paintings",
      "headers": false,
      "body": false
    },
    "response": {
      "headers": {"Content-Type" : "application/json"},
      "statusCode": 200,
      "body": [
        {
            "paintingId": 1,
            "name": "Mona Lisa",
            "year": 1503,
            "artistId": 1
        }
      ]
    }
  },
  "7": {
    "endpoint": "7 - Get all the information of a specified painting by paintingId",
    "request": {
      "method": "GET",
      "URL": "/paintings/:paintingId",
      "headers": false,
      "body": false
    },
    "response": {
      "headers": {"Content-Type" : "application/json"},
      "statusCode": 200,
      "body": {
        "paintingId": 1,
        "name": "Mona Lisa",
        "year": 1503,
        "artistId": 1,
        "artist": {
            "artistId": 1,
            "name": "Leonardo da Vinci"
        }
    }
    }
  },
  "8": {
    "endpoint": "8 - Add a painting to a specific artist based on artistId",
    "request": {
      "method": "POST",
      "URL": "/artists/:artistId/paintings",
      "headers": {"Content-Type" : "application/json"},
      "body": { "name" : true , "year" : true}
    },
    "response": {
      "headers": {"Content-Type" : "application/json"},
      "statusCode": 201,
      "body": {
        "name": "joe",
        "year": 2000,
        "paintingId": 5,
        "artistId": 1
    }
    }
  },
  "9": {
    "endpoint": "9 - Delete a specified painting by paintingId",
    "request": {
      "method": "DELETE",
      "URL": "/paintings/:paintingId",
      "headers": false,
      "body": false
    },
    "response": {
      "headers": {"Content-Type" : "application/json"},
      "statusCode": 200,
      "body": {
        "message": "Successfully deleted"
    }
    }
  }
}
