{
  "1": {
    "endpoint": "Get all the colors",
    "request": {
      "method": "GET",
      "URL": "/colors",
      "headers": false,
      "body": false
    },
    "response": {
      "headers": {"Content-Type" : "application/json"},
      "statusCode": 200,
      "body": [
        {
            "colorId": 1,
            "color": "red"
        }
    ]
    }
  },
  "2": {
    "endpoint": "Add a color",
    "request": {
      "method": "POST",
      "URL": "/colors",
      "headers": {"Content-Type" : "application/json"},
      "body": {"color" : "green"}
    },
    "response": {
      "headers": {"Content-Type" : "application/json"},
      "statusCode": 201,
      "body": {
        "colorId": 3,
        "color": "green"
    }
    }
  }
}
