{
  "1": {
    "endpoint": "1 - Get all the artists",
    "request": {
      "method": "GET",
      "URL": "/artists",
      "headers": false,
      "body": false
    },
    "response": {
      "headers": {
        "Content-Type": "text/html"
      },
      "statusCode": 200,
      "body": true
    }
  },
  "2": {
    "endpoint": "2 - Get a specific artist's details based on artistId",
    "request": {
      "method": "GET",
      "URL": "/artists/:artistId",
      "headers": false,
      "body": false
    },
    "response": {
      "headers": {
        "Content-Type": "text/html"
      },
      "statusCode": 200,
      "body": true
    }
  },
  "3": {
    "endpoint": "3 - Get the form to add an artist",
    "request": {
      "method": "GET",
      "URL": "/artists/new",
      "headers": false,
      "body": false
    },
    "response": {
      "headers": {
        "Content-Type": "text/html"
      },
      "statusCode": 200,
      "body": true
    }
  },
  "4": {
    "endpoint": "4 -  Form submission for adding an artist",
    "request": {
      "method": "POST",
      "URL": "/artists",
      "headers": {
        "Content-Type": "application/x-www-form-urlencoded"
      },
      "body": { "name" : true}
    },
    "response": {
      "headers": { "Location" : "/artists/:artistId" },
      "statusCode": 302,
      "body": false
    }
  },
  "5": {
    "endpoint": "5 - Get the form to edit an artist",
    "request": {
      "method": "GET",
      "URL": "/artists/:artistId/edit",
      "headers": false,
      "body": false
    },
    "response": {
      "headers": {
        "Content-Type": "text/html"
      },
      "statusCode": 200,
      "body": true
    }
  },
  "6": {
    "endpoint": "6 - Form submission for editting an artist",
    "request": {
      "method": "POST",
      "URL": "/artists/:artistId",
      "headers": { "Content-Type" : "application/x-www-form-urlencoded"},
      "body": { "name" : true}
    },
    "response": {
      "headers": {"Location" : "/artists/:artistId"},
      "statusCode": 302,
      "body": false
    }
  },
  "7": {
    "endpoint": "7 - Get all the paintings of a specific year",
    "request": {
      "method": "GET",
      "URL": "/years/:year/paintings",
      "headers": false,
      "body": false
    },
    "response": {
      "headers": { "Content-Type" : "text/html"},
      "statusCode": 200,
      "body": true
    }
  },
  "8": {
    "endpoint": "8 - Get all the information of a specified painting by paintingId",
    "request": {
      "method": "GET",
      "URL": "/paintings/:paintingId",
      "headers": false,
      "body": false
    },
    "response": {
      "headers": { "Content-Type" : "text/html"},
      "statusCode": 200,
      "body": true
    }
  },
  "9": {
    "endpoint": "9 - Form submission for adding a painting to a specific artist based on artistId",
    "request": {
      "method": "POST",
      "URL": "/artists/:artistId/paintings",
      "headers": { "Content-Type" : "application/x-www-form-urlencoded"},
      "body": { "name" : true, "year" : true }
    },
    "response": {
      "headers": { "Location" : "/paintings/:paintingId"},
      "statusCode": 302,
      "body": false
    }
  },
  "10": {
    "endpoint": "10 - Form submission for deleting a painting",
    "request": {
      "method": "POST",
      "URL": "/paintings/:paintingId/delete",
      "headers": false,
      "body": false
    },
    "response": {
      "headers": { "Location" : "/artists/:artistId"},
      "statusCode": 302,
      "body": false
    }
  }
}
